cover,title,author,isbn,timestamp
![](https://img1.od-cdn.com/ImageType-400/1191-1/291/0E8/B5/{2910E8B5-7D5E-4A06-ABFE-E44C4E17C65B}Img400.jpg),Zealot,Reza Aslan,9780804148740,"April 04, 2019 05:52"
![](https://img1.od-cdn.com/ImageType-400/5054-1/8FD/EAD/80/{8FDEAD80-9F94-4F17-80D1-44CB9FC9987D}Img400.jpg),Young and Damned and Fair,Gareth Russell,9781508227380,"February 21, 2021 11:08"
![](https://img1.od-cdn.com/ImageType-400/1219-1/E71/1BA/0B/{E711BA0B-6BFE-4257-9829-55C40E752425}Img400.jpg),Writing on the Wall,Tom Standage,9781452683331,"April 02, 2019 04:27"
![](https://img1.od-cdn.com/ImageType-400/1219-1/BAF/C78/21/{BAFC7821-1BE2-48DF-9D2E-A578A73D9EB9}Img400.jpg),Women's Work,Elizabeth Wayland Barber,9781400171323,"February 04, 2020 04:41"
![](https://img1.od-cdn.com/ImageType-400/5054-1/2E0/7D4/32/{2E07D432-A6C4-4C91-B952-0C47095CFC67}Img400.jpg),Women in the Kitchen,Anne Willan,9781797115856,"February 21, 2021 11:09"
![](https://img1.od-cdn.com/ImageType-400/0439-1/1A0/7F6/12/{1A07F612-83EF-4E12-8956-B2AC58E37518}Img400.jpg),Women in the Kitchen,Anne Willan,9781501173332,"March 17, 2021 06:53"
![](https://img1.od-cdn.com/ImageType-400/2343-1/C66/496/65/{C6649665-445F-425E-8CD8-19F1679BAB4D}Img400.jpg),A Winter's Promise,Christelle Dabos,9781974955138,"May 15, 2020 02:25"
![](https://img1.od-cdn.com/ImageType-400/1191-1/54E/A14/6E/{54EA146E-F31A-4AEE-8DCB-B2AEDE605E39}Img400.jpg),Windwitch,Susan Dennard,9780147523808,"May 15, 2020 17:33"
![](https://img1.od-cdn.com/ImageType-400/1191-1/8C3/1B4/40/{8C31B440-6C9A-4F4A-B096-5D85B1546B6D}Img400.jpg),Who Ate the First Oyster?,Cody Cassidy,9780593168820,"February 21, 2021 11:21"
![](https://img1.od-cdn.com/ImageType-400/1523-1/401/A8B/DD/{401A8BDD-432D-47CD-BED8-938372F4D15A}Img400.jpg),Who Ate the First Oyster?,Cody Cassidy,9780525504672,"February 15, 2021 11:11"
![](https://img1.od-cdn.com/ImageType-400/1219-1/AAE/D2D/E2/{AAED2DE2-9C8E-4305-9A6F-94584380A09A}Img400.jpg),White Trash,Nancy Isenberg,9781515975441,"April 22, 2019 23:24"
![](https://img1.od-cdn.com/ImageType-400/0293-1/FB2/A6B/55/{FB2A6B55-2C4D-4354-8193-71600058DD9A}Img400.jpg),When the Earth Had Two Moons,Erik Asphaug,9780062895080,"November 30, 2020 07:11"
![](https://img1.od-cdn.com/ImageType-400/1219-1/8BF/8D0/82/{8BF8D082-5CF6-4DE5-B38D-344B211E047C}Img400.jpg),When the Air Hits Your Brain,"Frank T Vertosick, Jr., MD",9781515979159,"October 27, 2019 05:03"
![](https://img1.od-cdn.com/ImageType-400/0293-1/BD9/F3A/BE/{BD9F3ABE-6958-47ED-A994-40245DC957D7}Img400.jpg),What Every BODY Is Saying,"Joe Navarro, Marvin Karlins",9780061755668,"April 23, 2019 16:24"
![](https://img1.od-cdn.com/ImageType-400/0293-1/553/B9E/89/{553B9E89-4C2B-414B-9E37-1A301A262065}Img400.jpg),West Like Lightning,Jim DeFelice,9780062681454,"February 08, 2020 08:09"
![](https://img1.od-cdn.com/ImageType-400/5054-1/65B/77F/33/{65B77F33-C23A-40BB-BEA9-F1E56E004530}Img400.jpg),Weather 101,Kathleen Sears,9781508245001,"December 18, 2019 00:46"
![](https://img1.od-cdn.com/ImageType-400/1191-1/B44/315/8C/{B443158C-B6FB-4071-BB4C-55937783D07E}Img400.jpg),Volume Control,David Owen,9780593147009,"February 05, 2020 03:41"
![](https://img1.od-cdn.com/ImageType-400/1219-1/55D/B92/9E/{55DB929E-C122-49AC-B7C6-FFB89481F6C1}Img400.jpg),"Viruses, Plagues, and History",Michael B. A. Oldstone,9781977334695,"November 29, 2020 05:40"
![](https://img1.od-cdn.com/ImageType-400/1219-1/D9C/316/D2/{D9C316D2-D4F1-4A34-A62E-73A25479FC99}Img400.jpg),The Very Secret Sex Lives of Medieval Women,Rosalie Gilbert,9781705207420,"February 15, 2021 10:53"
![](https://img1.od-cdn.com/ImageType-400/1219-1/179/65A/1E/{17965A1E-1725-417E-A253-5DF11DA5DC63}Img400.jpg),Utopia Drive,Erik Reece,9781515977933,"April 08, 2019 00:26"
![](https://img1.od-cdn.com/ImageType-400/1191-1/333/E86/CB/{333E86CB-DB31-42DC-BE03-51A5A94A96FA}Img400.jpg),The Upright Thinkers,Leonard Mlodinow,9780553551129,"April 29, 2019 03:25"
![](https://img1.od-cdn.com/ImageType-400/0293-1/88D/504/F4/{88D504F4-030D-4B69-A9ED-013CF6496BC5}Img400.jpg),Unthinkable,Helen Thomson,9780062847959,"September 19, 2019 05:28"
![](https://img1.od-cdn.com/ImageType-400/1219-1/131/14D/F1/{13114DF1-6939-452B-8233-E22ADEC2AFAC}Img400.jpg),Unruly Places,Alastair Bonnett,9781494575823,"April 08, 2019 00:23"
![](https://img1.od-cdn.com/ImageType-400/1191-1/1B4/180/DA/{1B4180DA-F0BF-47DC-9880-95DBC71B8474}Img400.jpg),Truthwitch,Susan Dennard,9780147523761,"May 15, 2020 17:33"
![](https://img1.od-cdn.com/ImageType-400/0887-1/BD7/3B5/4A/{BD73B54A-6B9C-4484-A259-3FD4576EB424}Img400.jpg),The Truth about Animals,Lucy Cooke,9781549172519,"October 27, 2019 05:25"
![](https://img1.od-cdn.com/ImageType-400/4575-1/149/F4D/F5/{149F4DF5-5711-4184-8527-35C5C7DE0BBF}Img400.jpg),Transgender History,Susan Stryker,9781478993889,"July 27, 2019 08:16"
![](https://img1.od-cdn.com/ImageType-400/1219-1/B8A/010/0D/{B8A0100D-F663-4868-8F54-8D27B89CA5D1}Img400.jpg),To Marry an English Lord,"Gail MacColl, Carol McD. Wallace",9781494571467,"December 12, 2020 07:46"
![](https://img1.od-cdn.com/ImageType-400/0887-1/554/9CC/3A/{5549CC3A-B67B-4AB4-B26A-9241A7EDB9FC}Img400.jpg),Tides,Jonathan White,9781538403501,"July 27, 2020 03:51"
![](https://img1.od-cdn.com/ImageType-400/1191-1/DC1/172/9B/{DC11729B-CF5A-4C37-AAD1-E7CC16C68049}Img400.jpg),Thomas Cromwell,Diarmaid MacCulloch,9780525641483,"October 27, 2019 05:16"
![](https://img1.od-cdn.com/ImageType-400/0111-1/76A/9E5/72/{76A9E572-BA2F-462D-A14F-2A08A61D6A72}Img400.jpg),The Zealot and the Emancipator,H. W. Brands,9780385544016,"March 17, 2021 06:45"
![](https://img1.od-cdn.com/ImageType-400/0017-1/EFB/6B9/29/{EFB6B929-2E03-4143-BBD1-591A2C4761A7}Img400.jpg),The Plaza,Julie Satow,9781455566662,"March 17, 2021 06:51"
![](https://img1.od-cdn.com/ImageType-400/1523-1/4A8/176/85/{4A817685-9FFE-4A78-9983-487BBF1225D4}Img400.jpg),The Ghost Map,Steven Johnson,9781101158531,"March 13, 2020 16:37"
![](https://img1.od-cdn.com/ImageType-400/5054-1/4AF/FA5/6E/{4AFFA56E-24B9-4746-9373-2406E0D98A3E}Img400.jpg),The Tangled Tree,David Quammen,9781508252696,"July 11, 2019 05:10"
![](https://img1.od-cdn.com/ImageType-400/1294-1/EC2/31A/5C/{EC231A5C-8794-46AA-B99C-01B232EB14DA}Img400.jpg),Supernavigators,David Barrie,9781684419203,"February 25, 2020 05:17"
![](https://img1.od-cdn.com/ImageType-400/1191-1/0C3/4BA/78/{0C34BA78-DF1B-491D-9AB7-CDD16B316CAA}Img400.jpg),The Story of the Human Body,Daniel Lieberman,9780307990075,"July 25, 2019 04:43"
![](https://img1.od-cdn.com/ImageType-400/0887-1/AE6/670/25/{AE667025-66B0-4919-A742-D06E36681BE6}Img400.jpg),The Story of Music,Howard Goodall,9781482995312,"April 08, 2019 04:21"
![](https://img1.od-cdn.com/ImageType-400/1219-1/325/5A0/12/{3255A012-D207-431A-BCC7-DDC7CAE825A8}Img400.jpg),Stories of Women in the Middle Ages,Maria Teresa Brolis,9781977335975,"February 04, 2020 04:42"
![](https://img1.od-cdn.com/ImageType-400/1191-1/796/B46/4E/{796B464E-E2A6-4177-AEEF-2C1522ED7D9A}Img400.jpg),The Square and the Tower,Niall Ferguson,9780525528661,"April 04, 2019 05:46"
![](https://img1.od-cdn.com/ImageType-400/1191-1/702/DED/45/{702DED45-9269-447D-94A6-7E67C70C3DD9}Img400.jpg),Spying on Whales,Nick Pyenson,9780525630852,"May 31, 2020 04:32"
![](https://img1.od-cdn.com/ImageType-400/1191-1/D0F/BD1/24/{D0FBD124-FCFB-4AB2-9470-5324F22429C9}Img400.jpg),Some Assembly Required,Neil Shubin,9780735285248,"August 21, 2020 05:50"
![](https://img1.od-cdn.com/ImageType-400/0293-1/03B/724/B9/{03B724B9-91CC-4DD1-9349-AFF3E99553C4}Img400.jpg),The Social Leap,William von Hippel,9780062866745,"September 06, 2019 02:29"
![](https://img1.od-cdn.com/ImageType-400/1191-1/01C/B6B/56/{01CB6B56-56E1-4BC7-A9D9-CCD2D01AA9A0}Img400.jpg),Sister Queens,Julia Fox,9780307967466,"April 05, 2019 20:24"
![](https://img1.od-cdn.com/ImageType-400/1191-1/734/445/F5/{734445F5-CEDF-4AFC-8374-2BE245F68BC3}Img400.jpg),Sightwitch,Susan Dennard,9780525633372,"April 05, 2019 05:51"
![](https://img1.od-cdn.com/ImageType-400/1219-1/0D1/311/F5/{0D1311F5-0B32-434C-B2DA-8C403AFBC579}Img400.jpg),Sicily,John Julius Norwich,9781494581442,"March 07, 2020 03:24"
![](https://img1.od-cdn.com/ImageType-400/1219-1/06D/394/2F/{06D3942F-C396-4023-853A-DE438CF98DCE}Img400.jpg),The Shortest History of Germany,James Hawes,9781977336453,"March 01, 2020 17:36"
![](https://img1.od-cdn.com/ImageType-400/1191-1/787/65C/5E/{78765C5E-ADF9-494D-8F78-47CBD4B7702F}Img400.jpg),A Short History of Nearly Everything,Bill Bryson,9780736697958,"July 25, 2019 04:44"
![](https://img1.od-cdn.com/ImageType-400/1219-1/3DD/D19/D3/{3DDD19D3-CEF0-45F5-A286-96AE6757F774}Img400.jpg),A Short History of Drunkenness,Mark Forsyth,9781541446403,"October 05, 2019 04:14"
![](https://img1.od-cdn.com/ImageType-400/1191-1/386/15F/11/{38615F11-B1D6-4A21-9F2D-2CE69B837E87}Img400.jpg),She Has Her Mother's Laugh,Carl Zimmer,9780525594178,"September 17, 2019 04:12"
![](https://img1.od-cdn.com/ImageType-400/5054-1/68D/71A/07/{68D71A07-4E57-4349-B8BC-8D3342A901A3}Img400.jpg),She Came to Slay,Erica Armstrong Dunbar,9781797104263,"December 12, 2019 07:04"
![](https://img1.od-cdn.com/ImageType-400/1219-1/003/FC2/6C/{003FC26C-AB37-4FD1-8344-5E196E67F052}Img400.jpg),The Seven Daughters of Eve,Bryan Sykes,9781541483934,"August 17, 2019 04:09"
![](https://img1.od-cdn.com/ImageType-400/4575-1/147/250/E1/{147250E1-4BBF-4E58-B245-43E45415C24C}Img400.jpg),The Seeds of Life,Edward Dolnick,9781478920564,"March 25, 2019 23:02"
![](https://img1.od-cdn.com/ImageType-400/0887-1/CE1/ABE/76/{CE1ABE76-4ED7-4EB2-BD37-6E5B22119EAB}Img400.jpg),The Secret Wisdom of Nature,Peter Wohlleben,9781982665609,"September 19, 2019 05:18"
![](https://img1.od-cdn.com/ImageType-400/1294-1/3A8/F06/EA/{3A8F06EA-C5C5-4CFF-9A22-32755D2927EC}Img400.jpg),The Season,Kristen Richardson,9781684575046,"February 04, 2020 04:42"
![](https://img1.od-cdn.com/ImageType-400/1314-1/990/AF1/45/{990AF145-7CD2-4F3A-BF41-717D4F8B714E}Img400.jpg),Scurvy,Stephen R. Bown,,"May 01, 2019 06:40"
![](https://img1.od-cdn.com/ImageType-400/1314-1/55F/8DC/02/{55F8DC02-59B3-4C27-89D1-9313A1D71C2A}Img400.jpg),Salt,Mark Kurlansky,,"April 05, 2019 20:19"
![](https://img1.od-cdn.com/ImageType-400/2343-1/2D0/38C/91/{2D038C91-55AF-4B3F-BD99-D8B8FF36B796}Img400.jpg),The Royal Art of Poison,Eleanor Herman,9781974922710,"December 18, 2019 00:47"
![](https://img1.od-cdn.com/ImageType-400/0111-1/93A/5D3/EB/{93A5D3EB-2DF4-4F12-BB68-5BD7983B898A}Img400.jpg),The Righteous Mind,Jonathan Haidt,9780307907035,"April 23, 2019 16:03"
![](https://img1.od-cdn.com/ImageType-400/0887-1/392/49A/5C/{39249A5C-0B81-4746-B009-4352807EB665}Img400.jpg),Rabid,"Bill Wasik, Monica Murphy",9781481592567,"August 20, 2020 05:23"
![](https://img1.od-cdn.com/ImageType-400/1191-1/5CD/442/25/{5CD44225-EEFD-4CDA-8D40-186E90CF16DD}Img400.jpg),Proust's Duchess,Caroline Weber,9780525588924,"February 22, 2021 08:44"
![](https://img1.od-cdn.com/ImageType-400/1191-1/08E/A5B/87/{08EA5B87-89BD-4DFE-A9E0-C0A8D08C07D2}Img400.jpg),Pox,Michael Willrich,9781101432471,"February 25, 2020 05:19"
![](https://img1.od-cdn.com/ImageType-400/1219-1/B8A/CA7/32/{B8ACA732-AFEC-4C3D-8788-E2C79746B315}Img400.jpg),The Polymath,Peter Burke,9781705245064,"February 21, 2021 11:09"
![](https://img1.od-cdn.com/ImageType-400/1191-1/EA0/C5C/00/{EA0C5C00-2274-469C-B664-36B1CE86C24A}Img400.jpg),The Poison Squad,Deborah Blum,9780525639893,"July 02, 2019 03:52"
![](https://img1.od-cdn.com/ImageType-400/0887-1/790/B79/4D/{790B794D-75B5-44FB-8B60-F8338C3A7600}Img400.jpg),The Plaza,Julie Satow,9781549126130,"February 21, 2021 11:10"
![](https://img1.od-cdn.com/ImageType-400/0111-1/CD6/CC7/BC/{CD6CC7BC-897C-449A-8D2D-65F5C2D3DE1A}Img400.jpg),The Personality Brokers,Merve Emre,9780385541916,"April 23, 2019 16:04"
![](https://img1.od-cdn.com/ImageType-400/1191-1/566/02C/01/{56602C01-6058-4C1E-81A9-02DE2C45A430}Img400.jpg),The Personality Brokers,Merve Emre,9780525638049,"April 04, 2019 05:53"
![](https://img1.od-cdn.com/ImageType-400/1219-1/093/2E6/32/{0932E632-C207-4297-9B12-D013242265E3}Img400.jpg),Oneida,Ellen Wayland-Smith,9781515976097,"April 08, 2019 00:27"
![](https://img1.od-cdn.com/ImageType-400/1493-1/9E2/985/5E/{9E29855E-E7FB-4449-8D68-F8B82C325A34}Img400.jpg),The Nocturnal Brain,Dr. Guy Leschziner,9781250225160,"September 17, 2019 04:11"
![](https://img1.od-cdn.com/ImageType-400/1191-1/AC9/5CF/F2/{AC95CFF2-B368-454A-AB16-9485DD704886}Img400.jpg),No god but God,Reza Aslan,9780739383322,"May 18, 2019 03:58"
![](https://img1.od-cdn.com/ImageType-400/1523-1/31F/880/15/{31F88015-6424-4F11-BC57-EAEF16DCCE68}Img400.jpg),NeuroTribes,Steve Silberman,9781101639641,"April 23, 2019 16:07"
![](https://img1.od-cdn.com/ImageType-400/0887-1/BA7/ED3/AA/{BA7ED3AA-9AF6-4B0D-AAFF-AB47DEF53FD4}Img400.jpg),NeuroTribes,Steve Silberman,9781504615860,"April 05, 2019 20:45"
![](https://img1.od-cdn.com/ImageType-400/1219-1/988/9D7/64/{9889D764-3CAC-4F17-A30D-A4EC91720D34}Img400.jpg),Napoleon's Buttons,"Jay Burreson, Penny Le Couteur",9781452674599,"April 11, 2019 22:50"
![](https://img1.od-cdn.com/ImageType-400/1191-1/798/581/E5/{798581E5-54A2-4CDD-AB6C-1A99E08747C7}Img400.jpg),Napoleon,Andrew Roberts,9780553545067,"April 22, 2019 19:08"
![](https://img1.od-cdn.com/ImageType-400/1191-1/5CC/794/6E/{5CC7946E-8A25-477C-885A-4C1D3A675B50}Img400.jpg),The Mystery of the Exploding Teeth,Thomas Morris,9780525642176,"July 02, 2019 03:52"
![](https://img1.od-cdn.com/ImageType-400/1191-1/E53/C50/5D/{E53C505D-AE0A-40A4-B127-4A89747AC2A8}Img400.jpg),Mud and Stars,Sara Wheeler,9780593148570,"March 10, 2020 06:00"
![](https://img1.od-cdn.com/ImageType-400/2343-1/416/F1A/D3/{416F1AD3-F2ED-4BBF-9855-39EFA54B8CE4}Img400.jpg),The Missing of Clairdelune,Christelle Dabos,9781974954469,"May 12, 2020 09:36"
![](https://img1.od-cdn.com/ImageType-400/1294-1/23B/7A7/68/{23B7A768-DF54-4424-9D9C-564244A8A00C}Img400.jpg),Medieval Bodies,Jack Hartnell,9781684574865,"October 19, 2020 06:16"
![](https://img1.od-cdn.com/ImageType-400/0293-1/8EC/A54/53/{8ECA5453-46D5-4D78-9837-CEE0CB023EEF}Img400.jpg),The Meaning of Everything,Simon Winchester,9780060744038,"March 22, 2019 04:59"
![](https://img1.od-cdn.com/ImageType-400/1191-1/790/C85/C3/{790C85C3-026F-4B66-94E8-F42F0D9BFE46}Img400.jpg),Martin Luther,Eric Metaxas,9780525497530,"March 04, 2019 23:32"
![](https://img1.od-cdn.com/ImageType-400/1219-1/737/E38/39/{737E3839-BD48-4275-AD16-A019232C07BD}Img400.jpg),The Louvre,James Gardner,9781705230589,"February 21, 2021 11:09"
![](https://img1.od-cdn.com/ImageType-400/1191-1/FD9/FBD/5F/{FD9FBD5F-95DA-412F-842B-6DBED1D97C23}Img400.jpg),Longitude,Dava Sobel,9780739323793,"May 15, 2019 01:32"
![](https://img1.od-cdn.com/ImageType-400/1219-1/EB6/38C/8E/{EB638C8E-2D9D-4FAE-A02B-FE4D2BAC2C8A}Img400.jpg),Life in a Medieval Village,"Frances Gies, Joseph Gies",9781541480667,"November 29, 2020 05:34"
![](https://img1.od-cdn.com/ImageType-400/5054-1/964/D37/35/{964D3735-3A72-42CE-A7C8-BE325694D30B}Img400.jpg),The Library Book,Susan Orlean,9781508266488,"September 17, 2019 04:18"
![](https://img1.od-cdn.com/ImageType-400/0439-1/3B0/9ED/F6/{3B09EDF6-3820-4315-B160-B38A069FA70E}Img400.jpg),Leonardo da Vinci,Walter Isaacson,9781501139178,"March 11, 2020 06:27"
![](https://img1.od-cdn.com/ImageType-400/5054-1/F1E/CF5/9A/{F1ECF59A-18B1-4453-92C9-D4B92CC7152B}Img400.jpg),Leonardo da Vinci,Walter Isaacson,9781508242024,"March 17, 2019 22:38"
![](https://img1.od-cdn.com/ImageType-400/5054-1/8BD/695/0E/{8BD6950E-7348-44E2-8EB8-C40021DED5CE}Img400.jpg),Leonardo da Vinci,Walter Isaacson,9781508241997,"February 22, 2019 04:35"
![](https://img1.od-cdn.com/ImageType-400/1191-1/B35/334/6A/{B353346A-3AFB-425B-80C1-061999DD5E0A}Img400.jpg),Jerusalem,Simon Sebag Montefiore,9780307878663,"May 15, 2019 01:42"
![](https://img1.od-cdn.com/ImageType-400/1191-1/487/D26/9D/{487D269D-E3B7-423F-B7FD-F327E8919587}Img400.jpg),The Island at the Center of the World,Russell Shorto,9781524733742,"September 19, 2019 05:25"
![](https://img1.od-cdn.com/ImageType-400/0293-1/A20/2D5/76/{A202D576-377D-48A3-A099-D0B7458D0BBB}Img400.jpg),Isaac Newton,James Gleick,9780060846329,"April 05, 2019 05:38"
![](https://img1.od-cdn.com/ImageType-400/6578-1/62F/11F/9E/{62F11F9E-3F2B-4E60-A05B-BDB421CF5AEC}Img400.jpg),The Inner Life of Animals,"Peter Wohlleben, Translation by Jane Billinghurst, Foreword by Jeffrey Moussaieff Masson",9781518969072,"January 05, 2020 06:46"
![](https://img1.od-cdn.com/ImageType-400/5054-1/27A/C53/3A/{27AC533A-4A29-4804-A999-AD19E2A267EF}Img400.jpg),Influenza,Jeremy Brown,9781508268208,"September 06, 2019 02:26"
![](https://img1.od-cdn.com/ImageType-400/1219-1/C33/3B6/DF/{C333B6DF-6ABB-4A28-9621-800C0FB104F4}Img400.jpg),The Incredible Journey of Plants,Stefano Mancuso,9781705239360,"November 29, 2020 05:40"
![](https://img1.od-cdn.com/ImageType-400/5054-1/EF8/EF3/04/{EF8EF304-676A-4816-B938-D46715D3E5B6}Img400.jpg),In Miniature,Simon Garfield,9781508278542,"March 10, 2020 05:58"
![](https://img1.od-cdn.com/ImageType-400/1191-1/E61/B55/CC/{E61B55CC-8CA5-4E28-84D9-DD0CBAC119D0}Img400.jpg),If Our Bodies Could Talk,James Hamblin,9781524735197,"February 04, 2020 04:41"
![](https://img1.od-cdn.com/ImageType-400/0293-1/C94/83D/9B/{C9483D9B-CFD3-4DAD-8BA1-B8D89A52C8E9}Img400.jpg),I Contain Multitudes,Ed Yong,9780062472595,"June 20, 2019 12:18"
![](https://img1.od-cdn.com/ImageType-400/1294-1/E30/D36/7E/{E30D367E-9227-4DF6-911D-2D0066FCEA0E}Img400.jpg),Human Errors,Nathan H. Lents,9781684413331,"September 06, 2019 02:29"
![](https://img1.od-cdn.com/ImageType-400/1294-1/AF2/5EC/74/{AF25EC74-D8E1-4019-B8EC-CEF03CAB8FDE}Img400.jpg),How to Behave Badly in Elizabethan England,Ruth Goodman,9781684416035,"October 27, 2019 04:58"
![](https://img1.od-cdn.com/ImageType-400/1294-1/BED/E5B/47/{BEDE5B47-62C5-4DD6-9DAA-488DA491A3C1}Img400.jpg),How to Be a Tudor,Ruth Goodman,9781681681474,"December 12, 2020 07:40"
![](https://img1.od-cdn.com/ImageType-400/1219-1/30A/892/59/{30A89259-FCFF-43C4-A510-616544F30FAA}Img400.jpg),A History of the World in 6 Glasses,Tom Standage,9781452671499,"March 26, 2019 21:27"
![](https://img1.od-cdn.com/ImageType-400/0292-1/7AB/8B5/80/{7AB8B580-C55B-427B-8594-D6F5E23D5EC7}Img400.jpg),The Hidden Life of Trees,Peter Wohlleben,9780008218348,"July 02, 2019 03:56"
![](https://img1.od-cdn.com/ImageType-400/1219-1/30C/A72/C1/{30CA72C1-6512-4C37-8DA0-19410B84D3A2}Img400.jpg),The Hemingses of Monticello,Annette Gordon-Reed,9781400179756,"April 08, 2019 00:08"
![](https://img1.od-cdn.com/ImageType-400/2343-1/C52/EA3/7A/{C52EA37A-51A5-467F-98B0-5137234C9043}Img400.jpg),Heart,Sandeep Jauhar,9781974904662,"May 15, 2019 01:32"
![](https://img1.od-cdn.com/ImageType-400/1191-1/325/2EB/07/{3252EB07-3FFB-4C6F-98DC-2A14FB12322E}Img400.jpg),"Guns, Germs, and Steel",Jared Diamond,9780307932433,"July 27, 2019 08:19"
![](https://img1.od-cdn.com/ImageType-400/1219-1/58A/5E2/68/{58A5E268-36FD-4964-ACCD-EA58EDD3A9FC}Img400.jpg),The Great Mortality,John Kelly,9781977381354,"August 20, 2020 05:06"
![](https://img1.od-cdn.com/ImageType-400/1191-1/B7B/F72/87/{B7BF7287-C3E8-402E-BE1B-83EB6FA22384}Img400.jpg),The Great Influenza,John M. Barry,9780786581795,"April 13, 2020 07:19"
![](https://img1.od-cdn.com/ImageType-400/1191-1/159/FFD/FC/{159FFDFC-061B-4E19-A946-16BB911F1F5E}Img400.jpg),Gods of the Upper Air,Charles King,9780593146729,"December 10, 2019 06:52"
![](https://img1.od-cdn.com/ImageType-400/1219-1/C0E/08D/F6/{C0E08DF6-DCF4-4405-843C-62924140278E}Img400.jpg),The Ghost Map,Steven Johnson,9781400172986,"July 02, 2019 04:00"
![](https://img1.od-cdn.com/ImageType-400/0887-1/F0C/6E5/A7/{F0C6E5A7-19B7-4B3C-91B3-F6D201B2CD12}Img400.jpg),Get Well Soon,Jennifer Wright,9781504799041,"February 08, 2020 08:02"
![](https://img1.od-cdn.com/ImageType-400/5054-1/99D/339/E0/{99D339E0-326E-414E-874E-AD52ED7A592B}Img400.jpg),The Geography of Genius,Eric Weiner,9781442394087,"March 20, 2019 07:19"
![](https://img1.od-cdn.com/ImageType-400/1294-1/A0C/363/66/{A0C36366-DFDB-4196-971B-A87D07F3652D}Img400.jpg),The Genius of Birds,Jennifer Ackerman,9781681681290,"September 06, 2019 02:29"
![](https://img1.od-cdn.com/ImageType-400/0439-1/4E8/0CC/6D/{4E80CC6D-CFE6-4E6D-B9E2-034E617F6B4C}Img400.jpg),The Gene,Siddhartha Mukherjee,9781476733531,"March 11, 2020 06:32"
![](https://img1.od-cdn.com/ImageType-400/5054-1/03F/BFD/04/{03FBFD04-A767-4F15-9E32-16D79E236679}Img400.jpg),The Gene,Siddhartha Mukherjee,9781508211396,"September 07, 2019 04:42"
![](https://img1.od-cdn.com/ImageType-400/0887-1/BF1/57A/F2/{BF157AF2-8EA0-46E5-847F-46D855E5044C}Img400.jpg),Gay New York,George Chauncey,9781549180156,"July 25, 2019 04:45"
![](https://img1.od-cdn.com/ImageType-400/1191-1/DB4/A63/B2/{DB4A63B2-D69B-4B3A-9620-317117411356}Img400.jpg),Galileo's Daughter,Dava Sobel,9780739322932,"March 31, 2019 03:44"
![](https://img1.od-cdn.com/ImageType-400/2390-1/EE3/7F1/51/{EE37F151-398C-4E28-8828-9150C69DCBC2}Img400.jpg),Freud,Frederick Crews,9781627797184,"April 23, 2019 16:18"
![](https://img1.od-cdn.com/ImageType-400/0887-1/EA4/B13/58/{EA4B1358-258E-4BE3-9D44-B8BE324A1701}Img400.jpg),Freud,Frederick Crews,9781538427576,"March 20, 2019 04:51"
![](https://img1.od-cdn.com/ImageType-400/5054-1/E05/C57/C9/{E05C57C9-8631-4015-ADA4-69F532A3C532}Img400.jpg),Energy,Richard Rhodes,9781508258452,"May 01, 2019 06:39"
![](https://img1.od-cdn.com/ImageType-400/1191-1/552/622/FC/{552622FC-A218-4916-939E-E340198D392B}Img400.jpg),Empty Mansions,"Bill Dedman, Paul Clark Newell",9780804149556,"April 04, 2019 05:54"
![](https://img1.od-cdn.com/ImageType-400/1191-1/731/B77/8C/{731B778C-8359-43C3-9ABE-772DAB865376}Img400.jpg),Empress Dowager Cixi,Jung Chang,9780804149037,"March 17, 2019 22:42"
![](https://img1.od-cdn.com/ImageType-400/0439-1/5CD/EB9/97/{5CDEB997-7AB5-4A3C-9DF4-734837EEB207}Img400.jpg),The Emperor of All Maladies,Siddhartha Mukherjee,9781439181713,"March 11, 2020 06:30"
![](https://img1.od-cdn.com/ImageType-400/1219-1/E27/CF3/84/{E27CF384-74B2-4E15-A7EC-01DE0FAB25AA}Img400.jpg),The Emperor of All Maladies,Siddhartha Mukherjee,,"December 18, 2019 00:46"
![](https://img1.od-cdn.com/ImageType-400/0293-1/AA3/1FD/A0/{AA31FDA0-8405-4D61-99F5-B1A86EFE77C9}Img400.jpg),An Elegant Defense,Matt Richtel,9780062698513,"July 11, 2019 05:11"
![](https://img1.od-cdn.com/ImageType-400/1219-1/AD7/DAB/3B/{AD7DAB3B-E629-4284-9A6C-2360C169DD04}Img400.jpg),An Edible History of Humanity,Tom Standage,9781400183081,"April 11, 2019 22:50"
![](https://img1.od-cdn.com/ImageType-400/5527-1/6EE/0B7/3F/{6EE0B73F-472D-4257-89E1-3C30557F9871}Img400.jpg),Eager,Ben Goldfarb,9781603588386,"June 12, 2019 04:43"
![](https://img1.od-cdn.com/ImageType-400/1294-1/E37/2DF/F3/{E372DFF3-0344-46E5-BE68-3C31880F9ED0}Img400.jpg),The Drunken Botanist,Amy Stewart,9781622311408,"April 25, 2019 06:39"
![](https://img1.od-cdn.com/ImageType-400/1953-1/05E/A1A/35/{05EA1A35-F4D7-497F-82E9-9C6C347DFD99}Img400.jpg),The Drunken Botanist,Amy Stewart,9781616201043,"May 01, 2019 06:41"
![](https://img1.od-cdn.com/ImageType-400/0887-1/997/5C0/97/{9975C097-F24B-48B3-9F2B-99A464E3B936}Img400.jpg),Dreams of El Dorado,H. W. Brands,9781549154898,"February 04, 2020 04:44"
![](https://img1.od-cdn.com/ImageType-400/1219-1/785/9BF/3A/{7859BF3A-8DF7-4532-BBB7-1BF552C8A73B}Img400.jpg),The Disappearing Spoon,Sam Kean,9781400189526,"June 20, 2019 12:20"
![](https://img1.od-cdn.com/ImageType-400/1191-1/921/B20/3A/{921B203A-F70C-4094-9767-09C90343BCE8}Img400.jpg),Dark Money,Jane Mayer,9780307970664,"February 22, 2019 04:35"
![](https://img1.od-cdn.com/ImageType-400/1219-1/877/6D4/CA/{8776D4CA-17D0-4E23-869C-3051502AD4C4}Img400.jpg),Cry of Murder on Broadway,Julie Miller,9781705250365,"February 15, 2021 10:54"
![](https://img1.od-cdn.com/ImageType-400/1219-1/0DC/ABE/1C/{0DCABE1C-91FE-4424-93EC-76BE9D99AF02}Img400.jpg),Cræft,Alexander Langlands,9781977383341,"May 15, 2020 02:26"
![](https://img1.od-cdn.com/ImageType-400/1219-1/EEF/940/F5/{EEF940F5-CF25-4993-B82F-12DD8D925ED6}Img400.jpg),Consider the Fork,Bee Wilson,9781452679570,"March 20, 2019 04:52"
![](https://img1.od-cdn.com/ImageType-400/6968-1/FA6/43A/A0/{FA643AA0-00EB-42B7-8E02-544FB0E52FAC}Img400.jpg),Consider the Fork,Bee Wilson,9780465033324,"March 04, 2019 00:39"
![](https://img1.od-cdn.com/ImageType-400/1705-1/688/A45/D7/{688A45D7-1144-4772-80D3-E08BC706C9EC}Img400.jpg),The Conscious Parent's Guide to Executive Functioning Disorder,Rebecca Branstetter,,"April 29, 2019 03:25"
![](https://img1.od-cdn.com/ImageType-400/1314-1/844/A36/10/{844A3610-EC62-4D08-94DC-753040EE2153}Img400.jpg),Cod,Mark Kurlansky,,"September 06, 2019 00:51"
![](https://img1.od-cdn.com/ImageType-400/1219-1/23F/3FC/1C/{23F3FC1C-4189-41BC-A34B-9C85A98E2A14}Img400.jpg),Coal,Barbara Freese,9781400170876,"May 18, 2019 03:44"
![](https://img1.od-cdn.com/ImageType-400/0887-1/0CA/AFC/17/{0CAAFC17-9C09-4B27-9914-9B0DF64CDFFC}Img400.jpg),The Club,Leo Damrosch,9781982664374,"February 04, 2020 04:43"
![](https://img1.od-cdn.com/ImageType-400/1191-1/5D8/141/B1/{5D8141B1-E672-4070-ACEA-7BA5EE1BECD8}Img400.jpg),Cities,Monica L. Smith,9781984842862,"July 11, 2019 05:13"
![](https://img1.od-cdn.com/ImageType-400/1191-1/8F1/D29/57/{8F1D2957-0232-4D2A-BD16-61F3A928E5FE}Img400.jpg),Chasing Venus,Andrea Wulf,9780307989659,"December 10, 2019 06:52"
![](https://img1.od-cdn.com/ImageType-400/5054-1/4D0/C2B/80/{4D0C2B80-C67E-44D3-89FE-13DDEF13CDC5}Img400.jpg),Chasing Chopin,Annik LaFarge,9781797110097,"March 14, 2021 08:25"
![](https://img1.od-cdn.com/ImageType-400/1191-1/50A/F65/F6/{50AF65F6-C6C5-4F0A-B4AE-BBA2C6A331A0}Img400.jpg),Catherine the Great,Robert K. Massie,9780307970206,"February 21, 2021 11:12"
![](https://img1.od-cdn.com/ImageType-400/5054-1/829/6FA/E6/{8296FAE6-4BC1-4836-996C-ECF2553A2E2C}Img400.jpg),The Catalogue of Shipwrecked Books,Edward Wilson-Lee,9781508280484,"August 17, 2019 03:28"
![](https://img1.od-cdn.com/ImageType-400/1088-1/916/A52/44/{916A5244-5CFA-48BE-B2B0-18FE6A67ED4D}Img400.jpg),Carthage Must Be Destroyed,Richard Miles,9781596598560,"September 19, 2019 05:30"
![](https://img1.od-cdn.com/ImageType-400/1953-1/A64/31D/45/{A6431D45-7453-4758-A9E5-52E10381CF13}Img400.jpg),Butter,Elaine Khosrova,9781616206505,"March 04, 2019 00:37"
![](https://img1.od-cdn.com/ImageType-400/1219-1/6F4/E6F/15/{6F4E6F15-4926-436F-8513-42E470C7FF1B}Img400.jpg),Brunelleschi's Dome,Ross King,9781705236840,"February 15, 2021 11:06"
![](https://img1.od-cdn.com/ImageType-400/1980-1/ECD/A9B/2F/{ECDA9B2F-1E78-4894-BDFC-3FCB595F2E84}Img400.jpg),Brooklyn,Thomas J. Campanella,9780691199078,"February 04, 2020 04:43"
![](https://img1.od-cdn.com/ImageType-400/1191-1/4FD/DC2/57/{4FDDC257-0784-453A-9E01-4A2D608C3D0A}Img400.jpg),Breath,James Nestor,9780593211519,"November 30, 2020 07:10"
![](https://img1.od-cdn.com/ImageType-400/1163-1/A3E/78D/56/{A3E78D56-170E-4D89-BB70-794E57D9BCFD}Img400.jpg),The Botany of Desire,Michael Pollan,,"December 18, 2019 00:49"
![](https://img1.od-cdn.com/ImageType-400/1191-1/F7B/2C7/29/{F7B2C729-110F-4E10-B379-9E689C74C6DF}Img400.jpg),The Book That Changed America,Randall Fuller,9781524708368,"April 08, 2019 00:16"
![](https://img1.od-cdn.com/ImageType-400/1219-1/20F/3C1/4E/{20F3C14E-01A8-459C-9180-B9597F34BEAF}Img400.jpg),Bones,"Roy A. Meals, MD",9781705265505,"February 15, 2021 11:01"
![](https://img1.od-cdn.com/ImageType-400/1191-1/25F/D88/CD/{25FD88CD-C3AD-49E7-AF13-13E4DCB0932F}Img400.jpg),Bloodwitch,Susan Dennard,9780147523846,"May 15, 2020 17:33"
![](https://img1.od-cdn.com/ImageType-400/2390-1/DDF/489/D0/{DDF489D0-A854-4E7C-9A96-4D3F4C9A1FC6}Img400.jpg),Bloodwitch,Susan Dennard,9781466867345,"May 15, 2020 17:32"
![](https://img1.od-cdn.com/ImageType-400/1294-1/E2F/150/73/{E2F15073-4EDD-4290-A969-2D2851086887}Img400.jpg),Black Death at the Golden Gate,David K. Randall,9781684419982,"August 20, 2020 05:56"
![](https://img1.od-cdn.com/ImageType-400/6852-1/990/1BF/AB/{9901BFAB-42FE-420F-AE98-5304B7EDF978}Img400.jpg),A Bite-Sized History of France,"Stéphane Henaut, Jeni Mitchell",9781620972526,"September 07, 2019 04:43"
![](https://img1.od-cdn.com/ImageType-400/1191-1/9A8/F59/66/{9A8F5966-CB87-4F94-B263-6C9DB2F94003}Img400.jpg),The Big Oyster,Mark Kurlansky,9781415931943,"March 31, 2019 03:00"
![](https://img1.od-cdn.com/ImageType-400/5054-1/0B3/791/66/{0B379166-D254-4592-B4D5-FFC2254119FB}Img400.jpg),Benjamin Franklin,Walter Isaacson,9781442342170,"March 01, 2020 17:37"
![](https://img1.od-cdn.com/ImageType-400/1191-1/CFB/DA9/8B/{CFBDA98B-0FC4-4920-8FAB-CCEBDA114A8B}Img400.jpg),Bellevue,David Oshinsky,9780735285194,"March 17, 2019 22:28"
![](https://img1.od-cdn.com/ImageType-400/1191-1/CF9/075/32/{CF907532-E6DF-485B-93AE-D6DD81F9EE78}Img400.jpg),Behind the Beautiful Forevers,Katherine Boo,9780307934062,"April 22, 2019 23:25"
![](https://img1.od-cdn.com/ImageType-400/0293-1/62D/DF9/66/{62DDF966-3D95-43BC-87F2-C085EFBDEE13}Img400.jpg),Astoria,Peter Stark,9780062308771,"February 21, 2021 11:20"
![](https://img1.od-cdn.com/ImageType-400/2508-1/FBE/B6C/5F/{FBEB6C5F-B353-4433-B407-0583BD608C98}Img400.jpg),Andy Warhol Was a Hoarder,Claudia Kalb,9781426214677,"April 23, 2019 16:09"
![](https://img1.od-cdn.com/ImageType-400/1191-1/642/39B/E3/{64239BE3-09AD-411C-95CA-B44F085D3D00}Img400.jpg),Amsterdam,Russell Shorto,9780804149310,"April 05, 2019 20:22"
![](https://img1.od-cdn.com/ImageType-400/1088-1/857/1BA/1E/{8571BA1E-C496-42C8-AC34-F78D948E9999}Img400.jpg),American Nations,Colin Woodard,9781596599888,"April 05, 2019 20:30"
![](https://img1.od-cdn.com/ImageType-400/1294-1/780/989/39/{78098939-52DF-4EE6-8E40-73507250A81E}Img400.jpg),American Eden,Victoria Johnson,9781684412471,"February 04, 2020 04:42"
![](https://img1.od-cdn.com/ImageType-400/2343-1/6B7/D8B/06/{6B7D8B06-CC0E-4A76-A42D-BA47A9AF1D9E}Img400.jpg),All in a Drop,Lori Alexander,9781974968008,"June 01, 2020 05:37"
![](https://img1.od-cdn.com/ImageType-400/0887-1/400/3E6/76/{4003E676-B38F-4029-8827-6E9A2A4FD1BC}Img400.jpg),The Age of Wonder,Richard Holmes,9781483076720,"April 22, 2019 19:08"
![](https://img1.od-cdn.com/ImageType-400/1191-1/ACF/622/FE/{ACF622FE-471E-4367-90FB-9D3D8C869E9B}Img400.jpg),The Zealot and the Emancipator,H. W. Brands,9780593293232,"March 17, 2021 07:06"
![](https://img1.od-cdn.com/ImageType-400/4575-1/587/FAD/F7/{587FADF7-D9ED-4FDA-996D-4B9FC63FC648}Img400.jpg),Mad and Bad,Bea Koch,9781549123795,"March 17, 2021 07:22"
![](https://img1.od-cdn.com/ImageType-400/1191-1/F8C/F60/28/{F8CF6028-2667-42A8-86FC-E0823D7BEFDB}Img400.jpg),A Curious Man,Neal Thompson,9780385366366,"March 19, 2021 08:36"
![](https://img1.od-cdn.com/ImageType-400/0044-1/B92/51D/8A/{B9251D8A-CC7D-4A9A-A53D-14094AD4C90B}Img400.jpg),Bones,Roy A. Meals MD,9781324005339,"March 19, 2021 08:56"
![](https://img1.od-cdn.com/ImageType-400/1191-1/580/9B3/F7/{5809B3F7-8C9B-4DD4-8DA5-781388F65007}Img400.jpg),The Woman Who Would Be King,Kara Cooney,9780804128353,"March 27, 2021 07:32"
![](https://img1.od-cdn.com/ImageType-400/1191-1/8D2/701/B0/{8D2701B0-21D1-4954-98F0-BC3F83D72D15}Img400.jpg),Fallen Glory,James Crawford,9781524779863,"April 03, 2021 23:02"
![](https://img1.od-cdn.com/ImageType-400/1294-1/BA5/7C5/66/{BA57C566-4280-4167-AE1E-8DAB18C2A842}Img400.jpg),The Doctors Blackwell,Janice P. Nimura,9781696603188,"March 27, 2021 07:33"
![](https://img1.od-cdn.com/ImageType-400/1523-1/667/6C9/C6/{6676C9C6-478B-4D52-B743-EBAD04693F01}Img400.jpg),Breath,James Nestor,9780735213630,"March 27, 2021 08:34"
![](https://img1.od-cdn.com/ImageType-400/0044-1/3F0/3C8/81/{3F03C881-3F7D-4846-929C-3C5B2CE7D280}Img400.jpg),American Eden,Victoria Johnson,9781631494208,"March 29, 2021 04:09"
![](https://img1.od-cdn.com/ImageType-400/0293-1/458/E3C/8C/{458E3C8C-DBB9-4D16-AEB5-AFBE36D9E1D9}Img400.jpg),The Feud That Sparked the Renaissance,Paul Robert Walker,9780063019195,"April 03, 2021 20:46"
![](https://img1.od-cdn.com/ImageType-400/1294-1/74E/07D/F3/{74E07DF3-BCEB-452F-9A5E-0C6A4B06D940}Img400.jpg),The Hidden Lives of Tudor Women,Elizabeth Norton,9781681686769,"April 03, 2021 20:46"
![](https://img1.od-cdn.com/ImageType-400/1294-1/334/5F9/30/{3345F930-2267-48D1-992C-AD1E2D5DBD3D}Img400.jpg),The Indian World of George Washington,Colin G. Calloway,9781684415496,"April 03, 2021 20:50"
